level	scope	group	queries	clusters	loss_queries	loss_fraction	expected_loss_fraction_given_budget	observed_minus_expected_pp	full_activity_candidates_q25	full_activity_candidates_median	full_activity_candidates_q75	scored_activity_candidates_q25	scored_activity_candidates_median	scored_activity_candidates_q75	full_matching_activities_q25	full_matching_activities_median	full_matching_activities_q75	full_matching_reference_proteins_q25	full_matching_reference_proteins_median	full_matching_reference_proteins_q75	realized_scored_fraction_q25	realized_scored_fraction_median	realized_scored_fraction_q75	best_modality_first_match_rank_q25	best_modality_first_match_rank_median	best_modality_first_match_rank_q75
EC_L3	MATCH_COUNT_X_RANK	1 | 1	293	48	264	0.9010238907849829	0.9056374614391371	-0.4613570654154242	99.0	123.0	146.0	8.0	11.0	15.0	1.0	1.0	1.0	1.0	1.0	1.0	0.07246376811594203	0.0945945945945946	0.11304347826086956	1.0	1.0	1.0
EC_L3	MATCH_COUNT_X_RANK	1 | 2-5	212	25	196	0.9245283018867925	0.905811875361743	1.8716426525049457	67.0	74.0	105.5	6.0	8.0	10.25	1.0	1.0	1.0	1.0	1.0	1.0	0.07448866777224986	0.0931712962962963	0.1111111111111111	3.0	3.0	4.0
EC_L3	MATCH_COUNT_X_RANK	1 | 6-10	160	31	141	0.88125	0.9024231636415754	-2.11731636415754	76.0	89.0	119.5	7.0	9.0	12.0	1.0	1.0	1.0	1.0	1.0	1.0	0.07776292335115864	0.09836171310629516	0.1165061773255814	7.0	7.0	9.0
EC_L3	MATCH_COUNT_X_RANK	1 | 11-20	283	38	258	0.911660777385159	0.9037559570041633	0.7904820380995714	84.0	121.0	138.0	8.0	11.0	14.0	1.0	1.0	1.0	1.0	1.0	1.0	0.07692307692307693	0.0948905109489051	0.11475409836065574	13.0	16.0	18.0
EC_L3	MATCH_COUNT_X_RANK	1 | 21-50	802	47	726	0.9052369077306733	0.905285188094631	-0.004828036395765345	79.0	131.0	139.0	7.25	11.0	14.0	1.0	1.0	1.0	1.0	1.0	1.0	0.07692307692307693	0.09333333333333334	0.11049213943950786	27.0	34.0	41.0
EC_L3	MATCH_COUNT_X_RANK	2-5 | 1	4596	228	3221	0.7008268059181897	0.6916763877584631	0.9150418159726614	79.0	117.0	134.0	7.0	10.0	13.0	3.0	4.0	5.0	3.0	4.0	4.0	0.07575757575757576	0.09411764705882353	0.11290322580645161	1.0	1.0	1.0
EC_L3	MATCH_COUNT_X_RANK	2-5 | 2-5	1019	70	722	0.7085377821393523	0.7173656634053204	-0.8827881265968118	101.5	125.0	143.0	9.0	11.0	14.0	3.0	3.0	4.0	2.0	3.0	3.0	0.0764518546272012	0.09523809523809523	0.11297335203366059	2.0	3.0	4.0
EC_L3	MATCH_COUNT_X_RANK	2-5 | 6-10	445	40	342	0.7685393258426966	0.7559378581372064	1.26014677054902	87.0	102.0	123.0	7.0	10.0	12.0	2.0	3.0	3.0	2.0	2.0	3.0	0.07526881720430108	0.09333333333333334	0.11214953271028037	6.0	7.0	8.0
EC_L3	MATCH_COUNT_X_RANK	2-5 | 11-20	332	47	277	0.8343373493975904	0.7739076694854156	6.042967991217485	97.0	129.0	140.25	8.0	11.0	14.0	2.0	2.0	3.0	2.0	2.0	3.0	0.07677627715795655	0.09427126059611704	0.11491172761664566	13.0	15.0	18.0
EC_L3	MATCH_COUNT_X_RANK	2-5 | 21-50	409	40	330	0.8068459657701712	0.8006128369538251	0.6233128816346079	123.0	134.0	144.0	9.0	12.0	15.0	2.0	2.0	2.0	1.0	2.0	2.0	0.07751937984496124	0.09420289855072464	0.11258278145695365	25.0	28.0	35.0
EC_L3	MATCH_COUNT_X_RANK	6-10 | 1	3720	285	1702	0.4575268817204301	0.46218776494458463	-0.4660883224154533	79.0	117.0	132.0	7.0	10.0	13.0	7.0	8.0	9.0	6.0	7.0	8.0	0.07462686567164178	0.09375	0.11486486486486487	1.0	1.0	1.0
EC_L3	MATCH_COUNT_X_RANK	6-10 | 2-5	603	54	279	0.4626865671641791	0.4774070359227117	-1.4720468758532612	104.0	116.0	130.0	8.0	11.0	14.0	7.0	7.0	9.0	4.0	5.0	5.0	0.07555097510702394	0.09183673469387756	0.11224489795918367	2.0	2.0	3.0
EC_L3	MATCH_COUNT_X_RANK	6-10 | 6-10	30	16	10	0.3333333333333333	0.48331082986127444	-14.997749652794113	128.0	137.0	146.5	10.0	12.0	15.0	6.0	7.0	8.0	4.0	5.0	6.75	0.08322281167108753	0.09363758992805755	0.1108058608058608	6.0	7.0	8.0
EC_L3	MATCH_COUNT_X_RANK	6-10 | 11-20	17	10	7	0.4117647058823529	0.5092905474984134	-9.752584161606048	107.0	116.0	131.0	9.0	10.0	11.0	6.0	7.0	8.0	4.0	6.0	6.0	0.06557377049180328	0.08928571428571429	0.1	11.0	13.0	18.0
EC_L3	MATCH_COUNT_X_RANK	6-10 | 21-50	10	5	6	0.6	0.5155104509772085	8.448954902279148	118.25	131.0	142.25	7.5	12.0	14.75	6.25	7.0	7.0	2.25	3.0	3.75	0.07463952502120441	0.08852658403799374	0.11435469710272168	22.25	24.5	29.75
EC_L3	MATCH_COUNT_X_RANK	>10 | 1	10906	703	1318	0.12085090775719787	0.12125015662814846	-0.039924887095059425	77.0	116.0	135.0	7.0	10.0	13.0	16.0	24.0	35.0	12.0	19.0	27.0	0.0743801652892562	0.09278350515463918	0.11290322580645161	1.0	1.0	1.0
EC_L3	MATCH_COUNT_X_RANK	>10 | 2-5	182	46	12	0.06593406593406594	0.09101118748311467	-2.507712154904873	125.0	145.5	161.0	11.0	13.0	16.0	17.25	38.5	65.75	11.0	19.0	38.0	0.07609467837768019	0.09433962264150944	0.11416957026713123	2.0	2.0	3.0
EC_L3	MATCH_COUNT_X_RANK	>10 | 6-10	20	6	2	0.1	0.14642059633283683	-4.642059633283682	143.75	150.5	158.5	11.75	14.0	16.25	12.0	21.0	34.5	6.0	7.5	9.0	0.0836376998797381	0.09956652512384997	0.10980902777777778	7.75	8.0	9.0
EC_L3	MATCH_COUNT_X_RANK	>10 | 11-20	5	2	1	0.2	0.06311869963315554	13.688130036684448	161.0	167.0	175.0	14.0	14.0	21.0	24.0	26.0	37.0	6.0	7.0	7.0	0.08383233532934131	0.08695652173913043	0.13068181818181818	13.0	13.0	14.0
EC_L3	MATCH_COUNT_X_RANK	>10 | 21-50	1	1	0	0.0	0.024300102407655844	-2.4300102407655846	152.0	152.0	152.0	12.0	12.0	12.0	39.0	39.0	39.0	2.0	2.0	2.0	0.07894736842105263	0.07894736842105263	0.07894736842105263	23.0	23.0	23.0
EC_L4	MATCH_COUNT_X_RANK	1 | 1	1401	116	1258	0.8979300499643112	0.9063863709442986	-0.8456320979987386	90.0	123.0	138.0	8.0	11.0	14.0	1.0	1.0	1.0	1.0	1.0	1.0	0.072992700729927	0.09302325581395349	0.11206896551724138	1.0	1.0	1.0
EC_L4	MATCH_COUNT_X_RANK	1 | 2-5	126	45	119	0.9444444444444444	0.9040409725197283	4.040347192471616	122.0	131.5	144.0	10.0	12.0	15.0	1.0	1.0	1.0	1.0	1.0	1.0	0.07577082240484934	0.09765266825600587	0.11404761904761904	2.0	3.0	5.0
EC_L4	MATCH_COUNT_X_RANK	1 | 6-10	31	16	28	0.9032258064516129	0.9004236184231927	0.28021880284201384	113.5	124.0	135.5	9.0	12.0	15.5	1.0	1.0	1.0	1.0	1.0	1.0	0.07349811753151089	0.09696969696969697	0.11734364925854288	7.0	7.0	8.0
EC_L4	MATCH_COUNT_X_RANK	1 | 11-20	41	19	38	0.926829268292683	0.9071883582886568	1.9640910004026124	115.0	130.0	141.0	8.0	11.0	15.0	1.0	1.0	1.0	1.0	1.0	1.0	0.06666666666666667	0.08029197080291971	0.11764705882352941	13.0	15.0	18.0
EC_L4	MATCH_COUNT_X_RANK	1 | 21-50	57	23	50	0.8771929824561403	0.9105448305778302	-3.3351848121689898	68.0	76.0	130.0	6.0	8.0	11.0	1.0	1.0	1.0	1.0	1.0	1.0	0.06936416184971098	0.09022556390977443	0.11842105263157894	29.0	39.0	45.0
EC_L4	MATCH_COUNT_X_RANK	2-5 | 1	7515	298	5538	0.7369261477045909	0.7348801171233335	0.20460305812574076	83.0	118.0	134.0	8.0	10.0	13.0	2.0	3.0	4.0	2.0	3.0	4.0	0.07563025210084033	0.09375	0.11382113821138211	1.0	1.0	1.0
EC_L4	MATCH_COUNT_X_RANK	2-5 | 2-5	646	53	480	0.7430340557275542	0.7477243756255219	-0.4690319897967643	129.25	139.0	151.0	10.0	13.0	16.0	3.0	3.0	3.0	2.0	3.0	3.0	0.07692307692307693	0.09427126059611704	0.11024352401511063	2.0	3.0	4.0
EC_L4	MATCH_COUNT_X_RANK	2-5 | 6-10	39	14	33	0.8461538461538461	0.7592619029634755	8.689194319037064	96.0	117.0	144.5	8.0	11.0	14.0	2.0	3.0	3.0	2.0	2.0	2.0	0.07148692810457516	0.09701492537313433	0.11407808010816292	7.0	7.0	8.0
EC_L4	MATCH_COUNT_X_RANK	2-5 | 11-20	26	13	21	0.8076923076923077	0.749684358868397	5.800794882391069	119.0	130.0	151.75	8.0	10.5	13.75	2.0	4.0	4.0	2.0	2.0	2.0	0.0694055944055944	0.08579074674489218	0.10274390243902438	12.0	14.0	17.75
EC_L4	MATCH_COUNT_X_RANK	2-5 | 21-50	29	12	24	0.8275862068965517	0.7852729709483	4.2313235948251755	126.0	138.0	150.0	9.0	12.0	16.0	2.0	2.0	3.0	2.0	2.0	2.0	0.07194244604316546	0.08552631578947369	0.10810810810810811	23.0	25.0	27.0
EC_L4	MATCH_COUNT_X_RANK	6-10 | 1	2048	184	1050	0.5126953125	0.4974749931124263	1.5220319387573678	72.0	110.0	131.0	6.0	9.0	12.0	6.0	7.0	8.0	4.0	6.0	8.0	0.07246376811594203	0.09090909090909091	0.11208910731550113	1.0	1.0	1.0
EC_L4	MATCH_COUNT_X_RANK	6-10 | 2-5	98	18	47	0.47959183673469385	0.518968559152087	-3.9376722417393095	86.0	91.0	125.0	7.25	9.0	13.0	6.0	6.0	7.0	2.0	2.0	4.0	0.07604895104895106	0.0932742178350343	0.11687840290381125	2.0	2.0	2.0
EC_L4	MATCH_COUNT_X_RANK	6-10 | 6-10	10	4	2	0.2	0.49981179882609467	-29.981179882609467	113.75	121.5	146.75	10.0	11.0	15.0	7.0	7.0	8.0	3.25	4.5	6.0	0.07439398161047645	0.08597285067873303	0.10342380391885342	7.0	7.5	8.0
EC_L4	MATCH_COUNT_X_RANK	6-10 | 11-20	6	4	3	0.5	0.5795301936582794	-7.95301936582794	116.75	127.0	133.5	9.0	9.0	9.0	6.25	7.5	8.0	3.0	3.5	4.0	0.06741858887381275	0.0693021766965429	0.07293350265527591	12.0	12.0	16.5
EC_L4	MATCH_COUNT_X_RANK	6-10 | 21-50	3	1	0	0.0	0.4546492166306238	-45.46492166306238	120.0	121.0	126.5	7.5	9.0	12.5	9.0	9.0	9.5	4.5	5.0	5.0	0.06260851448017224	0.07563025210084033	0.09842118665648078	21.0	21.0	23.0
EC_L4	MATCH_COUNT_X_RANK	>10 | 1	2126	284	415	0.19520225776105363	0.18316857867404035	1.2033679087013276	77.0	106.0	131.0	7.0	10.0	13.0	12.0	16.0	26.75	7.0	11.0	20.0	0.07407407407407407	0.09251478369125428	0.11363636363636363	1.0	1.0	1.0
EC_L4	MATCH_COUNT_X_RANK	>10 | 2-5	54	19	6	0.1111111111111111	0.1048344657374	0.62766453737111	138.5	157.0	169.75	12.0	15.0	16.75	12.25	63.5	117.5	6.25	38.5	58.75	0.07885694249649369	0.09427126059611704	0.1131336405529954	2.0	2.0	2.0
EC_L4	MATCH_COUNT_X_RANK	>10 | 6-10	5	3	3	0.6	0.25474749796141805	34.52525020385819	118.0	142.0	143.0	11.0	13.0	14.0	14.0	17.0	17.0	9.0	9.0	11.0	0.07692307692307693	0.09154929577464789	0.09722222222222222	8.0	8.0	9.0
EC_L4	MATCH_COUNT_X_RANK	>10 | 11-20	3	2	0	0.0	0.21561609043724547	-21.56160904372455	121.5	124.0	164.0	12.0	14.0	18.0	13.0	15.0	15.5	5.0	5.0	6.0	0.09593837535014006	0.10784313725490197	0.1103731815306768	13.5	16.0	17.5
EC_L4	MATCH_COUNT_X_RANK	>10 | 21-50	2	1	0	0.0	0.24941459870257854	-24.941459870257855	128.0	131.0	134.0	11.5	13.0	14.5	12.75	13.5	14.25	6.25	6.5	6.75	0.08674452554744524	0.1004963503649635	0.11424817518248176	22.75	23.5	24.25
EXACT_RHEA	MATCH_COUNT_X_RANK	1 | 1	1642	112	1479	0.9007308160779537	0.9062660441601885	-0.5535228082234833	91.25	123.0	138.0	8.0	11.0	14.0	1.0	1.0	1.0	1.0	1.0	1.0	0.07333333333333333	0.09302325581395349	0.11198507462686567	1.0	1.0	1.0
EXACT_RHEA	MATCH_COUNT_X_RANK	1 | 2-5	143	38	135	0.9440559440559441	0.905453786500434	3.860215755551011	114.0	127.0	137.0	9.0	12.0	14.0	1.0	1.0	1.0	1.0	1.0	1.0	0.07469661040591435	0.096	0.1138095238095238	2.0	2.0	4.5
EXACT_RHEA	MATCH_COUNT_X_RANK	1 | 6-10	29	16	26	0.896551724137931	0.9004942990352011	-0.39425748972700125	104.0	123.0	133.0	9.0	11.0	13.0	1.0	1.0	1.0	1.0	1.0	1.0	0.07317073170731707	0.0975609756097561	0.12121212121212122	7.0	7.0	8.0
EXACT_RHEA	MATCH_COUNT_X_RANK	1 | 11-20	45	15	39	0.8666666666666667	0.9041616600645117	-3.749499339784501	123.0	134.0	140.0	8.0	13.0	16.0	1.0	1.0	1.0	1.0	1.0	1.0	0.06944444444444445	0.0945945945945946	0.11764705882352941	13.0	14.0	17.0
EXACT_RHEA	MATCH_COUNT_X_RANK	1 | 21-50	97	21	83	0.8556701030927835	0.9065939368660286	-5.092383377324516	81.0	129.0	137.0	8.0	11.0	13.0	1.0	1.0	1.0	1.0	1.0	1.0	0.0755813953488372	0.09375	0.11594202898550725	29.0	36.0	45.0
EXACT_RHEA	MATCH_COUNT_X_RANK	2-5 | 1	7740	267	5699	0.7363049095607235	0.7342944841713799	0.20104253893435953	78.0	113.0	132.0	7.0	10.0	13.0	2.0	3.0	4.0	2.0	3.0	4.0	0.07481403776463856	0.09339563862928349	0.11363636363636363	1.0	1.0	1.0
EXACT_RHEA	MATCH_COUNT_X_RANK	2-5 | 2-5	601	49	440	0.7321131447587355	0.7445590935948395	-1.244594883610406	132.0	141.0	152.0	11.0	13.0	16.0	3.0	3.0	3.0	3.0	3.0	3.0	0.07741935483870968	0.09448818897637795	0.1111111111111111	3.0	3.0	4.0
EXACT_RHEA	MATCH_COUNT_X_RANK	2-5 | 6-10	42	13	36	0.8571428571428571	0.7961092936199137	6.103356352294343	97.0	113.0	142.25	8.0	10.0	13.75	2.0	2.0	3.0	2.0	2.0	2.0	0.0701245704467354	0.08562271062271062	0.11093073593073592	7.0	8.0	8.0
EXACT_RHEA	MATCH_COUNT_X_RANK	2-5 | 11-20	29	12	23	0.7931034482758621	0.74463882564933	4.846462262653207	105.0	124.0	134.0	8.0	9.0	13.0	2.0	3.0	4.0	2.0	2.0	3.0	0.06923076923076923	0.08661417322834646	0.109375	12.0	14.0	18.0
EXACT_RHEA	MATCH_COUNT_X_RANK	2-5 | 21-50	30	10	24	0.8	0.7862210346915307	1.3778965308469338	125.25	138.0	149.75	9.0	11.5	15.75	2.0	2.0	3.0	2.0	2.0	3.0	0.07155704008221994	0.08474789071916433	0.10508108108108108	22.25	25.0	27.0
EXACT_RHEA	MATCH_COUNT_X_RANK	6-10 | 1	1735	151	882	0.5083573487031701	0.48772447280915876	2.0632875894011304	73.0	115.0	133.0	6.0	9.0	13.0	6.0	7.0	9.0	6.0	7.0	8.0	0.072992700729927	0.09154929577464789	0.11363636363636363	1.0	1.0	1.0
EXACT_RHEA	MATCH_COUNT_X_RANK	6-10 | 2-5	86	15	43	0.5	0.5343778185663959	-3.437781856639588	86.0	89.0	126.0	7.0	9.0	13.0	6.0	6.0	6.0	2.0	2.0	4.0	0.07797619047619048	0.09357045143638851	0.11431340542746378	2.0	2.0	2.0
EXACT_RHEA	MATCH_COUNT_X_RANK	6-10 | 6-10	6	3	1	0.16666666666666666	0.366749835460598	-20.00831687939313	124.0	142.5	158.75	11.5	14.5	19.75	9.0	9.0	9.75	9.0	9.0	9.75	0.08057963163596966	0.10717815665925376	0.12673833975181859	7.0	7.0	7.75
EXACT_RHEA	MATCH_COUNT_X_RANK	6-10 | 11-20	5	3	2	0.4	0.5789589381106535	-17.895893811065346	132.0	142.0	195.0	10.0	10.0	17.0	6.0	6.0	6.0	3.0	6.0	6.0	0.07042253521126761	0.08403361344537816	0.08717948717948718	11.0	12.0	14.0
EXACT_RHEA	MATCH_COUNT_X_RANK	6-10 | 21-50	2	1	2	1.0	0.5013331347241063	49.866686527589366	128.0	131.0	134.0	11.5	13.0	14.5	6.25	6.5	6.75	6.25	6.5	6.75	0.08674452554744524	0.1004963503649635	0.11424817518248176	22.75	23.5	24.25
EXACT_RHEA	MATCH_COUNT_X_RANK	>10 | 1	1360	207	166	0.12205882352941176	0.1276015367463269	-0.5542713216915143	90.0	117.0	141.0	7.0	11.0	14.0	15.0	24.0	38.0	9.0	13.0	38.0	0.07469119917653114	0.09257610328899772	0.11304347826086956	1.0	1.0	1.0
EXACT_RHEA	MATCH_COUNT_X_RANK	>10 | 2-5	17	7	2	0.11764705882352941	0.11765850559855749	-0.0011446775028081668	130.0	136.0	144.0	9.0	13.0	15.0	13.0	33.0	49.0	7.0	33.0	46.0	0.08108108108108109	0.09722222222222222	0.11428571428571428	2.0	2.0	3.0
EXACT_RHEA	MATCH_COUNT_X_RANK	>10 | 6-10	0	0	0																					
EXACT_RHEA	MATCH_COUNT_X_RANK	>10 | 11-20	0	0	0																					
EXACT_RHEA	MATCH_COUNT_X_RANK	>10 | 21-50	0	0	0																					
