file	bytes	sha256
build_diagnostic_figure.py	8283	0be8d88f2e775df670b5e5ef3ba61c2ccd2730791073ac48463703bdbd12df0c
build_figures.py	33955	c536d3bddde9f27145b26e8498627821a6b6d5d54965f3e7c4b5022cf18e4696
build_graphical_abstract.py	3847	c7be3bca3d0041f624178d9f4c5701dbca7cb124cf482c1b6f774c4cb8e32c38
diagnostic_source/per_query_scores.tsv	867801	5ef8391cb624582740376c605d0afb73c3d2dc8bf20a470c53bd23ea30afc81d
diagnostic_source/query_diagnosis.tsv	376876	a7732d1c8bf5bedd7917fcec900982caeccee9a9076f04bde6546574ea52e580
input_manifest.json	3086	e7c501455fef9e91f84ec11f9ad71da0a1062d4a542ce46595c1971f65f16fb1
pypdf-6.10.0-purepy.zip	325640	5b8b05af5b51f8dc72f3a405542fbd54d14876374d7b2c7150e3919fd8eccc0c
README.md	2615	acd5cd667d0b5244ec470f2d176f0f4aec8ef72be4d03d9672ed629f5b545a76
render_article_figures.py	2110	db33730da8c1f76a8a881c6a1f5d3e0492ee44b8738a21e81d52d9008ff09332
render_figure1.py	12525	64e49c7440f2e329fda188b6cfcaf769e8aed110ab268bf7ee1470ee33eeb812
render_figure2.py	13769	403085a8af899e80d6502c90c78916cca70c89c7bd8540cc86770ae0156fbbf1
source_data/Fig1/numerical_source.json	1390	012e4b84458b9c7a776aaee618c84b9faf8996a818a6e968afd92d1b3c1c2a6e
source_data/Fig2/phase444_availability.tsv	9253	17616d53c496b959c2668a3cad90319d9f979318760e2cbc81ae1f17dc7caa79
source_data/Fig2/phase444_paired_cluster_bootstrap.tsv	851	fe49566ec9a2ec9fe2ecb9b71e9c4a64eff7814c4238eb7119c9039d2771a502
source_data/Fig2/phase444_partition.tsv	1010	536f33675d2be9006c7da0687d5ac7b8f0bf0a25d244385d6798d8f4e7ddf1b2
source_data/Fig3/paired_transition_paired_bootstrap.tsv	13463	5313a603e9f0a4fc32560f50376089bb3f5f739aa6675c7e48c3835f2cae8f2a
source_data/Fig3/paired_transition_sampling_loss_outcomes.tsv	4651	8db55779ea5ee52ec76e7d3b238fda7c0f09c5f9c1e16f8105bc0fd42e8e09d9
source_data/Fig3/phase445_metrics.tsv	3512	29c805e17415215508bc1e3ff1cbe7a19c6b7af1036478c5cbc90af3b7617ac7
source_data/Fig4/Fig4A_role_counts.tsv	114	3a68575f6aaf5e8fb39640e12ff66d1571ad670966771d3a0a0d024fc8eea405
source_data/Fig4/Fig4B_budget_diagnostics.tsv	1029	e3619f619e6ae7f5dda916a3e56b981a80b7751a5b75763e79f23ebdbb1247b0
source_data/Fig4/Fig4C_primary_endpoints.tsv	389	7e1164a0dd0f2fea3e1448ff8fe0b363de4f2c1c2599b687defd983046fbffbc
source_data/Fig4/Fig4D_final_resolution_counts.tsv	350	7677db3d509706fbf5efcf8fbe56030e2abe7d3f98673c622361dd5efa4602c1
source_data/Fig4/retest_cluster_bootstrap.tsv	135413	7c11df2a4972caa4dc7de0c977b96cf2713000a341e51774a6b94a215d31a35b
source_data/Fig5/native_metrics.tsv	1428	e59dc780a75bbe7b01b2afd5953d88fab89489d145615be8b7754e32d83305c6
source_data/Fig5/native_output_set_sizes.tsv	1253	18a3e6ab1a232c131d0b0be5e4c99b9eb965745db40e9a97816b9edf92ca1ba8
source_data/Fig5/native_states.tsv	1013	5ce01abf68276882cc11468aac2172b7f510947f6c9c8923de7a356b039d4934
source_data/Fig6/Figure3_matched_analysis.tsv	1320	0ac0c3a1455c8318108ef8547f694afd15a66300f7a6a299f59695eb6cf5c808
source_data/Fig6/matched_pair_instances.parquet	36609	91e0fcefa3f2fa520d3594aee054b00ed25df8f98469645b06e6c48cd0b75497
source_data/Fig6/matched_pair_instances.tsv	68390	d66e705278c7a4683fb2a32ab6f774fa6ffa2e9d1baac28119636f885033c725
source_data/Fig6/plotted_values.json	26451	d4d0b74cb677da7555fc0851666e6f388f75dd14e8e37d1fcf8f49334baa4a5a
source_data/Fig7/evidencejudge_full_precision_coverage_curves.tsv	351095	c34695dc7df6d0cde41f6c7f9fc54b30ab7b839f2154019e76d8ac34fd4c0b04
source_data/Fig7/evidencejudge_paired_utility_comparisons.tsv	8920	d73444d5a379a8336526ab6fc21d648678a8e7b573e580055113963934ddae33
supporting_sources/S5/candidate_budget_by_state.tsv	3710	18c6656df0e624cd7b035bf0ae82fd6c9b16c8737fd96f4484b3cb33c6f7f551
supporting_sources/S5/candidate_count_by_rank.tsv	14019	a47c8e191d49ffd22af01683b548713c545d65d5556f87d58bc4aa7a6031c79b
supporting_sources/S5/candidate_count_mechanism.tsv	3522	a2bd089583c9a5d1e03e6b06b6d125ad8d86f7058df59f103a06bcd06487e36e
supporting_sources/S5/cluster_event_ledger.tsv	1782954	0ee60f540c131e35cb799f3ad552864053e4b1e0ccc3642ac8c45b2a6d605f1c
supporting_sources/S5/cluster_robustness.tsv	7698	eec4d423acaa4c06501e22bea6b3b6cf3b5b3f8f2e972a299e023b5403dfd7af
supporting_sources/S5/conditional_denominators.tsv	1917	58b2379820a8dffdefa138c027c205ce0cf68d34c1284c36c2ef53fc816d4865
supporting_sources/S5/existing_native_states.tsv	1013	5ce01abf68276882cc11468aac2172b7f510947f6c9c8923de7a356b039d4934
supporting_sources/S5/existing_paired_transition_sampling_loss_outcomes.tsv	4651	8db55779ea5ee52ec76e7d3b238fda7c0f09c5f9c1e16f8105bc0fd42e8e09d9
supporting_sources/S5/existing_phase444_availability.tsv	9253	17616d53c496b959c2668a3cad90319d9f979318760e2cbc81ae1f17dc7caa79
supporting_sources/S5/first_match_rank_mechanism.tsv	4326	854f07b9a18b0daa05a048f6c8b88685b29f8a1858c471ec2603cdcaaa2430a3
supporting_sources/S5/mechanism_overall.tsv	1392	ff62cc3abfbeb8abcd35ad3739ff06a6a93d91222c5a03a127f531569992e477
supporting_sources/S5/rank_distributions.tsv	6928	4ab56d4c818ab0f687b1e15676fbef6f6546ba15db5e287600b3b0a382301a74
