level	target	threshold	scope	metric	estimate	ci95_low	ci95_high	denominator_queries	cohort_clusters	scope_clusters	replicates	seed	valid_draws	undefined_draws	interval_status
EC_L3	0.9	0.8648648858070374	ALL_QUERIES	coverage_delta	0.3459965990086472	0.28701382630434324	0.4040759035401462	27639	1220	1220	2000	20260819	2000	0	ALL_DRAWS_DEFINED
EC_L3	0.9	0.8648648858070374	ALL_QUERIES	accepted_concordant_fraction_delta	0.2581497159810413	0.20253200429446522	0.316221033589006	27639	1220	1220	2000	20260819	2000	0	ALL_DRAWS_DEFINED
EC_L3	0.9	0.8648648858070374	ALL_QUERIES	accepted_disagreement_fraction_delta	0.08784688302760592	0.04726069664904222	0.13618805823550778	27639	1220	1220	2000	20260819	2000	0	ALL_DRAWS_DEFINED
EC_L3	0.9	0.8648648858070374	ALL_QUERIES	gain_concordant_fraction	0.2588733311624878	0.20307930086331513	0.3167049210132835	27639	1220	1220	2000	20260819	2000	0	ALL_DRAWS_DEFINED
EC_L3	0.9	0.8648648858070374	ALL_QUERIES	loss_concordant_fraction	0.0007236151814465067	0.00028588435212214896	0.0013174157736517385	27639	1220	1220	2000	20260819	2000	0	ALL_DRAWS_DEFINED
EC_L3	0.9	0.8648648858070374	ALL_QUERIES	accepted_precision_delta	-0.0449712407399252	-0.09136922853357847	0.0009356091316875506	27639	1220	1220	2000	20260819	2000	0	ALL_DRAWS_DEFINED
EC_L3	0.9	0.8648648858070374	BASELINE_SAMPLING_LOSS	coverage_delta	0.4733034440595068	0.38775524742112183	0.5690576226560892	9814	1220	608	2000	20260819	2000	0	ALL_DRAWS_DEFINED
EC_L3	0.9	0.8648648858070374	BASELINE_SAMPLING_LOSS	accepted_concordant_fraction_delta	0.35653148563276954	0.26984758690566324	0.4616525817759661	9814	1220	608	2000	20260819	2000	0	ALL_DRAWS_DEFINED
EC_L3	0.9	0.8648648858070374	BASELINE_SAMPLING_LOSS	accepted_disagreement_fraction_delta	0.11677195842673731	0.05888790423839164	0.1810823219356478	9814	1220	608	2000	20260819	2000	0	ALL_DRAWS_DEFINED
EC_L3	0.9	0.8648648858070374	BASELINE_SAMPLING_LOSS	gain_concordant_fraction	0.35653148563276954	0.26984758690566324	0.4616525817759661	9814	1220	608	2000	20260819	2000	0	ALL_DRAWS_DEFINED
EC_L3	0.9	0.8648648858070374	BASELINE_SAMPLING_LOSS	loss_concordant_fraction	0.0	0.0	0.0	9814	1220	608	2000	20260819	2000	0	ALL_DRAWS_DEFINED
EC_L3	0.9	0.8648648858070374	BASELINE_SAMPLING_LOSS	accepted_precision_delta	0.6549981280419319	0.5047120612733728	0.8197000120542026	9814	1220	608	2000	20260819	2000	0	ALL_DRAWS_DEFINED
EC_L3	0.95	0.9290865659713745	ALL_QUERIES	coverage_delta	0.33836245884438654	0.27632177162277805	0.39998065962365204	27639	1220	1220	2000	20260819	2000	0	ALL_DRAWS_DEFINED
EC_L3	0.95	0.9290865659713745	ALL_QUERIES	accepted_concordant_fraction_delta	0.25956076558486196	0.20622022987812993	0.3168527834408942	27639	1220	1220	2000	20260819	2000	0	ALL_DRAWS_DEFINED
EC_L3	0.95	0.9290865659713745	ALL_QUERIES	accepted_disagreement_fraction_delta	0.07880169325952459	0.03524080964586315	0.1315124967148515	27639	1220	1220	2000	20260819	2000	0	ALL_DRAWS_DEFINED
EC_L3	0.95	0.9290865659713745	ALL_QUERIES	gain_concordant_fraction	0.2597054886211513	0.20648617202034944	0.31706628012029553	27639	1220	1220	2000	20260819	2000	0	ALL_DRAWS_DEFINED
EC_L3	0.95	0.9290865659713745	ALL_QUERIES	loss_concordant_fraction	0.00014472303628930135	0.0	0.0003354948060107206	27639	1220	1220	2000	20260819	2000	0	ALL_DRAWS_DEFINED
EC_L3	0.95	0.9290865659713745	ALL_QUERIES	accepted_precision_delta	-0.06665350700553241	-0.11307972242621075	-0.024158381162540273	27639	1220	1220	2000	20260819	2000	0	ALL_DRAWS_DEFINED
EC_L3	0.95	0.9290865659713745	BASELINE_SAMPLING_LOSS	coverage_delta	0.4136947218259629	0.3262370915698837	0.5081162171561311	9814	1220	608	2000	20260819	2000	0	ALL_DRAWS_DEFINED
EC_L3	0.95	0.9290865659713745	BASELINE_SAMPLING_LOSS	accepted_concordant_fraction_delta	0.3042592215202772	0.22276056466863367	0.4045536150430333	9814	1220	608	2000	20260819	2000	0	ALL_DRAWS_DEFINED
EC_L3	0.95	0.9290865659713745	BASELINE_SAMPLING_LOSS	accepted_disagreement_fraction_delta	0.10943550030568576	0.04416497660198099	0.18370151183771216	9814	1220	608	2000	20260819	2000	0	ALL_DRAWS_DEFINED
EC_L3	0.95	0.9290865659713745	BASELINE_SAMPLING_LOSS	gain_concordant_fraction	0.3042592215202772	0.22276056466863367	0.4045536150430333	9814	1220	608	2000	20260819	2000	0	ALL_DRAWS_DEFINED
EC_L3	0.95	0.9290865659713745	BASELINE_SAMPLING_LOSS	loss_concordant_fraction	0.0	0.0	0.0	9814	1220	608	2000	20260819	2000	0	ALL_DRAWS_DEFINED
EC_L3	0.95	0.9290865659713745	BASELINE_SAMPLING_LOSS	accepted_precision_delta	0.6755656108597285	0.5090636881485264	0.8614268329849535	9814	1220	608	2000	20260819	2000	0	ALL_DRAWS_DEFINED
EC_L4	0.9	0.8974359035491943	ALL_QUERIES	coverage_delta	0.13285574731357863	0.08084285650964772	0.19579991622577067	27639	1220	1220	2000	20260819	2000	0	ALL_DRAWS_DEFINED
EC_L4	0.9	0.8974359035491943	ALL_QUERIES	accepted_concordant_fraction_delta	0.11903469734795036	0.06952187486051328	0.181249655122107	27639	1220	1220	2000	20260819	2000	0	ALL_DRAWS_DEFINED
EC_L4	0.9	0.8974359035491943	ALL_QUERIES	accepted_disagreement_fraction_delta	0.013821049965628279	0.0011263408453973454	0.033991842704999546	27639	1220	1220	2000	20260819	2000	0	ALL_DRAWS_DEFINED
EC_L4	0.9	0.8974359035491943	ALL_QUERIES	gain_concordant_fraction	0.11914323962516733	0.06978131977965314	0.18144020892072804	27639	1220	1220	2000	20260819	2000	0	ALL_DRAWS_DEFINED
EC_L4	0.9	0.8974359035491943	ALL_QUERIES	loss_concordant_fraction	0.00010854227721697601	0.0	0.0003045484749814367	27639	1220	1220	2000	20260819	2000	0	ALL_DRAWS_DEFINED
EC_L4	0.9	0.8974359035491943	ALL_QUERIES	accepted_precision_delta	-0.02866190822979664	-0.08371735707398312	0.003953548504934361	27639	1220	1220	2000	20260819	2000	0	ALL_DRAWS_DEFINED
EC_L4	0.9	0.8974359035491943	BASELINE_SAMPLING_LOSS	coverage_delta	0.25704882062534284	0.1532824409761286	0.3724705060492383	9115	1220	576	2000	20260819	2000	0	ALL_DRAWS_DEFINED
EC_L4	0.9	0.8974359035491943	BASELINE_SAMPLING_LOSS	accepted_concordant_fraction_delta	0.24640702139330772	0.14601731814114055	0.356126731338328	9115	1220	576	2000	20260819	2000	0	ALL_DRAWS_DEFINED
EC_L4	0.9	0.8974359035491943	BASELINE_SAMPLING_LOSS	accepted_disagreement_fraction_delta	0.010641799232035107	0.0004102076469392384	0.029006455352817817	9115	1220	576	2000	20260819	2000	0	ALL_DRAWS_DEFINED
EC_L4	0.9	0.8974359035491943	BASELINE_SAMPLING_LOSS	gain_concordant_fraction	0.24640702139330772	0.14601731814114055	0.356126731338328	9115	1220	576	2000	20260819	2000	0	ALL_DRAWS_DEFINED
EC_L4	0.9	0.8974359035491943	BASELINE_SAMPLING_LOSS	loss_concordant_fraction	0.0	0.0	0.0	9115	1220	576	2000	20260819	2000	0	ALL_DRAWS_DEFINED
EC_L4	0.9	0.8974359035491943	BASELINE_SAMPLING_LOSS	accepted_precision_delta	0.950486669487939			9115	1220	576	2000	20260819	1982	18	NOT_ISSUED_UNDEFINED_DRAWS
EC_L4	0.95	0.9714285731315613	ALL_QUERIES	coverage_delta	0.10897644632584391	0.05941770991545092	0.169549419884042	27639	1220	1220	2000	20260819	2000	0	ALL_DRAWS_DEFINED
EC_L4	0.95	0.9714285731315613	ALL_QUERIES	accepted_concordant_fraction_delta	0.10213828286117443	0.053366289417769164	0.16152733155691504	27639	1220	1220	2000	20260819	2000	0	ALL_DRAWS_DEFINED
EC_L4	0.95	0.9714285731315613	ALL_QUERIES	accepted_disagreement_fraction_delta	0.006838163464669489	0.0005895577753021164	0.01605518931777517	27639	1220	1220	2000	20260819	2000	0	ALL_DRAWS_DEFINED
EC_L4	0.95	0.9714285731315613	ALL_QUERIES	gain_concordant_fraction	0.10221064437931908	0.053451175051956276	0.16152733155691504	27639	1220	1220	2000	20260819	2000	0	ALL_DRAWS_DEFINED
EC_L4	0.95	0.9714285731315613	ALL_QUERIES	loss_concordant_fraction	7.236151814465067e-05	0.0	0.00024656456305187304	27639	1220	1220	2000	20260819	2000	0	ALL_DRAWS_DEFINED
EC_L4	0.95	0.9714285731315613	ALL_QUERIES	accepted_precision_delta	-0.019449471866829326	-0.06470767779806338	0.004911246111623359	27639	1220	1220	2000	20260819	2000	0	ALL_DRAWS_DEFINED
EC_L4	0.95	0.9714285731315613	BASELINE_SAMPLING_LOSS	coverage_delta	0.2161272627537027	0.11791930893630187	0.3265612122187511	9115	1220	576	2000	20260819	2000	0	ALL_DRAWS_DEFINED
EC_L4	0.95	0.9714285731315613	BASELINE_SAMPLING_LOSS	accepted_concordant_fraction_delta	0.20833790455293472	0.11192158163681865	0.31663516349268017	9115	1220	576	2000	20260819	2000	0	ALL_DRAWS_DEFINED
EC_L4	0.95	0.9714285731315613	BASELINE_SAMPLING_LOSS	accepted_disagreement_fraction_delta	0.007789358200767965	0.00011019650582163687	0.021752347815212673	9115	1220	576	2000	20260819	2000	0	ALL_DRAWS_DEFINED
EC_L4	0.95	0.9714285731315613	BASELINE_SAMPLING_LOSS	gain_concordant_fraction	0.20833790455293472	0.11192158163681865	0.31663516349268017	9115	1220	576	2000	20260819	2000	0	ALL_DRAWS_DEFINED
EC_L4	0.95	0.9714285731315613	BASELINE_SAMPLING_LOSS	loss_concordant_fraction	0.0	0.0	0.0	9115	1220	576	2000	20260819	2000	0	ALL_DRAWS_DEFINED
EC_L4	0.95	0.9714285731315613	BASELINE_SAMPLING_LOSS	accepted_precision_delta	0.9566750629722922			9115	1220	576	2000	20260819	1957	43	NOT_ISSUED_UNDEFINED_DRAWS
EXACT_RHEA	0.9	0.9416666626930237	ALL_QUERIES	coverage_delta	0.12873114077933356	0.07567811933143805	0.1917112193101093	27639	1220	1220	2000	20260819	2000	0	ALL_DRAWS_DEFINED
EXACT_RHEA	0.9	0.9416666626930237	ALL_QUERIES	accepted_concordant_fraction_delta	0.11661058649010456	0.06642972627221791	0.1791224722874716	27639	1220	1220	2000	20260819	2000	0	ALL_DRAWS_DEFINED
EXACT_RHEA	0.9	0.9416666626930237	ALL_QUERIES	accepted_disagreement_fraction_delta	0.012120554289228988	0.0015967531588798303	0.028225640842036426	27639	1220	1220	2000	20260819	2000	0	ALL_DRAWS_DEFINED
EXACT_RHEA	0.9	0.9416666626930237	ALL_QUERIES	gain_concordant_fraction	0.11664676724917689	0.06647181199760316	0.17915907030871364	27639	1220	1220	2000	20260819	2000	0	ALL_DRAWS_DEFINED
EXACT_RHEA	0.9	0.9416666626930237	ALL_QUERIES	loss_concordant_fraction	3.618075907232534e-05	0.0	0.0001204206300576609	27639	1220	1220	2000	20260819	2000	0	ALL_DRAWS_DEFINED
EXACT_RHEA	0.9	0.9416666626930237	ALL_QUERIES	accepted_precision_delta	-0.024443527610948368	-0.07831684505577331	0.006886258936863018	27639	1220	1220	2000	20260819	2000	0	ALL_DRAWS_DEFINED
EXACT_RHEA	0.9	0.9416666626930237	BASELINE_SAMPLING_LOSS	coverage_delta	0.2651398370402995	0.14741724543713372	0.39426950121416177	9082	1220	499	2000	20260819	2000	0	ALL_DRAWS_DEFINED
EXACT_RHEA	0.9	0.9416666626930237	BASELINE_SAMPLING_LOSS	accepted_concordant_fraction_delta	0.25622109667474124	0.14088594280465103	0.38157327042054057	9082	1220	499	2000	20260819	2000	0	ALL_DRAWS_DEFINED
EXACT_RHEA	0.9	0.9416666626930237	BASELINE_SAMPLING_LOSS	accepted_disagreement_fraction_delta	0.008918740365558247	-0.00011998497065143532	0.024509166903454647	9082	1220	499	2000	20260819	2000	0	ALL_DRAWS_DEFINED
EXACT_RHEA	0.9	0.9416666626930237	BASELINE_SAMPLING_LOSS	gain_concordant_fraction	0.25622109667474124	0.14088594280465103	0.38157327042054057	9082	1220	499	2000	20260819	2000	0	ALL_DRAWS_DEFINED
EXACT_RHEA	0.9	0.9416666626930237	BASELINE_SAMPLING_LOSS	loss_concordant_fraction	0.0	0.0	0.0	9082	1220	499	2000	20260819	2000	0	ALL_DRAWS_DEFINED
EXACT_RHEA	0.9	0.9416666626930237	BASELINE_SAMPLING_LOSS	accepted_precision_delta	0.9595876288659794			9082	1220	499	2000	20260819	1990	10	NOT_ISSUED_UNDEFINED_DRAWS
EXACT_RHEA	0.95	0.9416666626930237	ALL_QUERIES	coverage_delta	0.12873114077933356	0.07567811933143805	0.1917112193101093	27639	1220	1220	2000	20260819	2000	0	ALL_DRAWS_DEFINED
EXACT_RHEA	0.95	0.9416666626930237	ALL_QUERIES	accepted_concordant_fraction_delta	0.11661058649010456	0.06642972627221791	0.1791224722874716	27639	1220	1220	2000	20260819	2000	0	ALL_DRAWS_DEFINED
EXACT_RHEA	0.95	0.9416666626930237	ALL_QUERIES	accepted_disagreement_fraction_delta	0.012120554289228988	0.0015967531588798303	0.028225640842036426	27639	1220	1220	2000	20260819	2000	0	ALL_DRAWS_DEFINED
EXACT_RHEA	0.95	0.9416666626930237	ALL_QUERIES	gain_concordant_fraction	0.11664676724917689	0.06647181199760316	0.17915907030871364	27639	1220	1220	2000	20260819	2000	0	ALL_DRAWS_DEFINED
EXACT_RHEA	0.95	0.9416666626930237	ALL_QUERIES	loss_concordant_fraction	3.618075907232534e-05	0.0	0.0001204206300576609	27639	1220	1220	2000	20260819	2000	0	ALL_DRAWS_DEFINED
EXACT_RHEA	0.95	0.9416666626930237	ALL_QUERIES	accepted_precision_delta	-0.024443527610948368	-0.07831684505577331	0.006886258936863018	27639	1220	1220	2000	20260819	2000	0	ALL_DRAWS_DEFINED
EXACT_RHEA	0.95	0.9416666626930237	BASELINE_SAMPLING_LOSS	coverage_delta	0.2651398370402995	0.14741724543713372	0.39426950121416177	9082	1220	499	2000	20260819	2000	0	ALL_DRAWS_DEFINED
EXACT_RHEA	0.95	0.9416666626930237	BASELINE_SAMPLING_LOSS	accepted_concordant_fraction_delta	0.25622109667474124	0.14088594280465103	0.38157327042054057	9082	1220	499	2000	20260819	2000	0	ALL_DRAWS_DEFINED
EXACT_RHEA	0.95	0.9416666626930237	BASELINE_SAMPLING_LOSS	accepted_disagreement_fraction_delta	0.008918740365558247	-0.00011998497065143532	0.024509166903454647	9082	1220	499	2000	20260819	2000	0	ALL_DRAWS_DEFINED
EXACT_RHEA	0.95	0.9416666626930237	BASELINE_SAMPLING_LOSS	gain_concordant_fraction	0.25622109667474124	0.14088594280465103	0.38157327042054057	9082	1220	499	2000	20260819	2000	0	ALL_DRAWS_DEFINED
EXACT_RHEA	0.95	0.9416666626930237	BASELINE_SAMPLING_LOSS	loss_concordant_fraction	0.0	0.0	0.0	9082	1220	499	2000	20260819	2000	0	ALL_DRAWS_DEFINED
EXACT_RHEA	0.95	0.9416666626930237	BASELINE_SAMPLING_LOSS	accepted_precision_delta	0.9595876288659794			9082	1220	499	2000	20260819	1990	10	NOT_ISSUED_UNDEFINED_DRAWS
